{
    "MaBN": "08092003",
    "TenBN": "NGUYEN HOANG LE PHUONG",
    "Ngaysinh": "20120101",
    "Ngaychup": "20200908",
    "IDmay": "(6444)",
    "Eye": "OD",
    "S": 22,
    "N": 54,
    "T": 28,
    "I": 30,
    "xC": 21.200049152125832,
    "yC": 7.999970078021559,
    "hC": 0.133681,
    "wC": 0.065104,
    "xD": 8.227269818181817,
    "yD": 4.837219478652248,
    "hD": 0.223958,
    "wD": 0.171875,
    "Resolution": [
        768,
        576
    ]
}
